{
  "version": "1.0",
  "defaultProvider": "cdnjs",
  "libraries": [
    {
      "library": "twitter-bootstrap@5.1.1",
      "destination": "wwwroot/twitter-bootstrap/",
      "files": [
        "js/bootstrap.bundle.js",
        "js/bootstrap.bundle.min.js",
        "css/bootstrap-grid.min.css",
        "js/bootstrap.esm.js",
        "js/bootstrap.esm.min.js",
        "js/bootstrap.esm.min.js.map",
        "js/bootstrap.js",
        "js/bootstrap.js.map",
        "js/bootstrap.min.js",
        "css/bootstrap-grid.css",
        "css/bootstrap-grid.rtl.css",
        "css/bootstrap-reboot.css",
        "css/bootstrap-reboot.min.css",
        "css/bootstrap-reboot.rtl.css",
        "css/bootstrap-reboot.rtl.min.css",
        "css/bootstrap-utilities.css",
        "css/bootstrap-utilities.min.css",
        "css/bootstrap-utilities.rtl.css",
        "css/bootstrap-utilities.rtl.min.css",
        "css/bootstrap-utilities.rtl.min.css.map",
        "css/bootstrap.css",
        "css/bootstrap.css.map",
        "css/bootstrap.min.css",
        "css/bootstrap.min.css.map",
        "css/bootstrap.rtl.css",
        "css/bootstrap.rtl.min.css"
      ]
    }
  ]
}